{
  "best_params": [0.018863929532097146, 0.16375765770285167, 0.520652722802714],
  "best_mse": 2060.8237511915368
}
