{"best_params": [0.02103057958133636, 0.15463199614193535, 0.9149503169827813], "best_mse": 2060.6777331780327}